scenario,trial,target,mode,case_id,operation,count,mean_us,p50_us,p95_us,p99_us
idle,1,local_nvme,direct,direct-local,get,44,1206.499636,544.781,821.341,28075.863
idle,1,local_nvme,direct,direct-local,put,52,894.339269,821.161,1167.67,1705.371
idle,1,local_nvme,direct,direct-local,remove,52,58.813865,57.36,65.549,81.94
idle,1,remote_nof,direct,direct-remote,get,44,163.946386,160.44,174.8,273.61
idle,1,remote_nof,direct,direct-remote,put,52,1106.539923,235.79,260.23,45372.672
idle,1,remote_nof,direct,direct-remote,remove,52,60.738269,59.21,69.749,81.03
idle,1,,no_store,no_store,noop,52,0.0,0.0,0.0,0.0
idle,1,,no_store,no_store,recompute,96,1000.0,1000.0,1000.0,1000.0
idle,1,local_nvme,transparent,transparent-local,get,44,1076.4405,546.22,768.95,16100.508
idle,1,local_nvme,transparent,transparent-local,put,52,961.416769,895.26,1251.27,1825.281
idle,1,local_nvme,transparent,transparent-local,remove,52,58.079846,56.68,65.36,78.94
idle,1,remote_nof,transparent,transparent-remote,get,44,161.802705,160.57,174.411,193.42
idle,1,remote_nof,transparent,transparent-remote,put,52,996.586327,271.23,357.02,37722.118
idle,1,remote_nof,transparent,transparent-remote,remove,52,59.887962,58.83,67.27,82.1
idle,2,local_nvme,direct,direct-local,get,44,1095.948136,551.76,1123.701,22611.49
idle,2,local_nvme,direct,direct-local,put,52,897.866923,839.401,1161.151,1703.281
idle,2,local_nvme,direct,direct-local,remove,52,58.360154,57.15,68.34,80.43
idle,2,remote_nof,direct,direct-remote,get,44,164.471159,160.16,172.13,293.01
idle,2,remote_nof,direct,direct-remote,put,52,879.209192,233.16,253.4,33736.716
idle,2,remote_nof,direct,direct-remote,remove,52,60.243731,59.05,66.81,83.05
idle,2,,no_store,no_store,noop,52,0.0,0.0,0.0,0.0
idle,2,,no_store,no_store,recompute,96,1000.0,1000.0,1000.0,1000.0
idle,2,local_nvme,transparent,transparent-local,get,44,1083.5655,556.1,901.29,19551.49
idle,2,local_nvme,transparent,transparent-local,put,52,932.868923,863.88,1235.881,1679.091
idle,2,local_nvme,transparent,transparent-local,remove,52,58.23425,56.52,65.45,81.89
idle,2,remote_nof,transparent,transparent-remote,get,44,158.90325,157.01,168.28,178.48
idle,2,remote_nof,transparent,transparent-remote,put,52,1121.523019,267.3,302.24,44532.021
idle,2,remote_nof,transparent,transparent-remote,remove,52,60.566981,59.45,66.59,80.98
idle,3,local_nvme,direct,direct-local,get,44,1194.319364,556.42,882.041,15609.627
idle,3,local_nvme,direct,direct-local,put,52,906.114442,844.201,1126.671,1941.941
idle,3,local_nvme,direct,direct-local,remove,52,64.607404,57.28,65.85,377.88
idle,3,remote_nof,direct,direct-remote,get,44,162.351159,160.711,171.62,188.11
idle,3,remote_nof,direct,direct-remote,put,52,1106.215596,229.84,323.981,45260.431
idle,3,remote_nof,direct,direct-remote,remove,52,59.052981,57.91,65.59,81.66
idle,3,,no_store,no_store,noop,52,0.0,0.0,0.0,0.0
idle,3,,no_store,no_store,recompute,96,1000.0,1000.0,1000.0,1000.0
idle,3,local_nvme,transparent,transparent-local,get,44,1044.484568,533.28,842.211,15355.188
idle,3,local_nvme,transparent,transparent-local,put,52,897.91175,836.84,1189.85,1812.091
idle,3,local_nvme,transparent,transparent-local,remove,52,43.573615,42.22,49.38,66.929
idle,3,remote_nof,transparent,transparent-remote,get,44,159.16825,159.34,170.15,179.37
idle,3,remote_nof,transparent,transparent-remote,put,52,961.220846,258.86,297.55,36513.207
idle,3,remote_nof,transparent,transparent-remote,remove,52,60.400038,58.95,68.66,90.68
idle,4,local_nvme,direct,direct-local,get,44,1150.116955,550.65,1070.26,13867.047
idle,4,local_nvme,direct,direct-local,put,52,924.932212,860.1,1266.361,1726.681
idle,4,local_nvme,direct,direct-local,remove,52,58.795192,56.65,65.67,123.92
idle,4,remote_nof,direct,direct-remote,get,44,162.6555,160.029,176.731,185.29
idle,4,remote_nof,direct,direct-remote,put,52,849.270596,229.81,309.52,32163.816
idle,4,remote_nof,direct,direct-remote,remove,52,60.354308,59.34,66.78,85.58
idle,4,,no_store,no_store,noop,52,0.0,0.0,0.0,0.0
idle,4,,no_store,no_store,recompute,96,1000.0,1000.0,1000.0,1000.0
idle,4,local_nvme,transparent,transparent-local,get,44,1236.208841,664.13,2281.931,14353.267
idle,4,local_nvme,transparent,transparent-local,put,52,1062.703885,1017.36,1360.601,1958.561
idle,4,local_nvme,transparent,transparent-local,remove,52,65.650808,61.25,75.99,150.04
idle,4,remote_nof,transparent,transparent-remote,get,44,163.479864,161.32,181.02,186.1
idle,4,remote_nof,transparent,transparent-remote,put,52,865.546942,262.75,310.13,31373.125
idle,4,remote_nof,transparent,transparent-remote,remove,52,59.983135,58.71,65.72,85.131
local50,1,local_nvme,direct,direct-local,get,44,1058.169591,550.21,1086.131,12364.766
local50,1,local_nvme,direct,direct-local,put,52,909.474404,855.541,1279.47,1605.41
local50,1,local_nvme,direct,direct-local,remove,52,58.303692,57.14,67.009,78.41
local50,1,remote_nof,direct,direct-remote,get,44,160.066205,157.84,174.5,183.47
local50,1,remote_nof,direct,direct-remote,put,52,1125.615615,235.14,330.08,46376.293
local50,1,remote_nof,direct,direct-remote,remove,52,60.717154,58.96,69.95,81.72
local50,1,,no_store,no_store,noop,52,0.0,0.0,0.0,0.0
local50,1,,no_store,no_store,recompute,96,1000.0,1000.0,1000.0,1000.0
local50,1,local_nvme,transparent,transparent-local,get,44,1063.482773,521.46,873.061,21171.59
local50,1,local_nvme,transparent,transparent-local,put,52,941.023788,865.43,1231.98,1732.211
local50,1,local_nvme,transparent,transparent-local,remove,52,58.854212,57.001,70.08,88.529
local50,1,remote_nof,transparent,transparent-remote,get,44,161.171886,160.331,169.47,182.37
local50,1,remote_nof,transparent,transparent-remote,put,52,1003.370308,270.43,358.42,38160.599
local50,1,remote_nof,transparent,transparent-remote,remove,52,60.293115,59.4,64.11,83.901
local50,2,local_nvme,direct,direct-local,get,44,1074.527818,553.13,909.26,15947.047
local50,2,local_nvme,direct,direct-local,put,52,906.297154,841.67,1190.97,1910.312
local50,2,local_nvme,direct,direct-local,remove,52,58.318904,56.65,73.96,82.51
local50,2,remote_nof,direct,direct-remote,get,44,162.491886,161.0,172.55,186.15
local50,2,remote_nof,direct,direct-remote,put,52,855.184154,231.3,253.69,32464.095
local50,2,remote_nof,direct,direct-remote,remove,52,60.600192,58.87,68.43,90.58
local50,2,,no_store,no_store,noop,52,0.0,0.0,0.0,0.0
local50,2,,no_store,no_store,recompute,96,1000.0,1000.0,1000.0,1000.0
local50,2,local_nvme,transparent,transparent-local,get,44,1166.789841,523.85,779.19,14895.657
local50,2,local_nvme,transparent,transparent-local,put,52,943.264154,876.801,1230.941,1780.251
local50,2,local_nvme,transparent,transparent-local,remove,52,57.6075,56.27,62.52,84.37
local50,2,remote_nof,transparent,transparent-remote,get,44,162.665273,160.24,174.03,196.88
local50,2,remote_nof,transparent,transparent-remote,put,52,839.377865,262.89,312.3,30025.084
local50,2,remote_nof,transparent,transparent-remote,remove,52,60.740904,59.4,69.929,84.44
local50,3,local_nvme,direct,direct-local,get,44,1193.183909,551.62,918.84,15352.557
local50,3,local_nvme,direct,direct-local,put,52,915.934885,842.18,1275.37,1817.131
local50,3,local_nvme,direct,direct-local,remove,52,58.517538,57.07,65.029,80.89
local50,3,remote_nof,direct,direct-remote,get,44,161.090773,158.74,172.361,186.55
local50,3,remote_nof,direct,direct-remote,put,52,942.358712,230.801,307.27,37015.788
local50,3,remote_nof,direct,direct-remote,remove,52,60.252692,58.92,66.49,80.43
local50,3,,no_store,no_store,noop,52,0.0,0.0,0.0,0.0
local50,3,,no_store,no_store,recompute,96,1000.0,1000.0,1000.0,1000.0
local50,3,local_nvme,transparent,transparent-local,get,44,1240.808841,594.831,1217.17,14688.477
local50,3,local_nvme,transparent,transparent-local,put,52,1034.090308,963.811,1305.221,1785.871
local50,3,local_nvme,transparent,transparent-local,remove,52,61.937115,60.38,71.14,91.7
local50,3,remote_nof,transparent,transparent-remote,get,44,162.257591,158.92,172.08,242.45
local50,3,remote_nof,transparent,transparent-remote,put,52,842.413192,262.76,340.641,30078.614
local50,3,remote_nof,transparent,transparent-remote,remove,52,61.239635,59.191,69.65,98.33
local50,4,local_nvme,direct,direct-local,get,44,1049.542773,529.01,740.221,22135.1
local50,4,local_nvme,direct,direct-local,put,52,891.7505,829.61,1139.431,1776.681
local50,4,local_nvme,direct,direct-local,remove,52,42.128538,41.08,46.9,67.02
local50,4,remote_nof,direct,direct-remote,get,44,162.393886,160.03,174.73,186.62
local50,4,remote_nof,direct,direct-remote,put,52,814.384885,228.96,303.94,30105.185
local50,4,remote_nof,direct,direct-remote,remove,52,60.265423,59.091,66.47,86.13
local50,4,,no_store,no_store,noop,52,0.0,0.0,0.0,0.0
local50,4,,no_store,no_store,recompute,96,1000.0,1000.0,1000.0,1000.0
local50,4,local_nvme,transparent,transparent-local,get,44,1075.809886,518.79,890.75,16828.539
local50,4,local_nvme,transparent,transparent-local,put,52,967.915538,913.371,1219.37,1758.541
local50,4,local_nvme,transparent,transparent-local,remove,52,58.378077,57.0,64.62,80.53
local50,4,remote_nof,transparent,transparent-remote,get,44,161.693318,160.181,172.9,185.36
local50,4,remote_nof,transparent,transparent-remote,put,52,1100.955788,262.291,425.1,43287.381
local50,4,remote_nof,transparent,transparent-remote,remove,52,60.071519,58.7,66.38,81.89
local90,1,local_nvme,direct,direct-local,get,44,1069.853477,548.44,1322.441,20021.28
local90,1,local_nvme,direct,direct-local,put,52,906.518481,843.91,1191.301,1681.581
local90,1,local_nvme,direct,direct-local,remove,52,58.705212,56.86,66.23,98.191
local90,1,remote_nof,direct,direct-remote,get,44,162.534205,161.05,170.7,199.9
local90,1,remote_nof,direct,direct-remote,put,52,951.024365,234.28,259.63,37362.878
local90,1,remote_nof,direct,direct-remote,remove,52,59.982365,58.59,65.98,87.72
local90,1,,no_store,no_store,noop,52,0.0,0.0,0.0,0.0
local90,1,,no_store,no_store,recompute,96,1000.0,1000.0,1000.0,1000.0
local90,1,local_nvme,transparent,transparent-local,get,44,1138.759386,526.39,868.411,25587.052
local90,1,local_nvme,transparent,transparent-local,put,52,955.102558,888.56,1266.66,1678.07
local90,1,local_nvme,transparent,transparent-local,remove,52,58.203885,56.95,65.11,82.78
local90,1,remote_nof,transparent,transparent-remote,get,44,162.843909,161.1,179.17,184.95
local90,1,remote_nof,transparent,transparent-remote,put,52,905.996962,266.54,409.911,32901.585
local90,1,remote_nof,transparent,transparent-remote,remove,52,60.067942,58.95,64.5,85.111
local90,2,local_nvme,direct,direct-local,get,44,1208.937932,544.61,957.9,15778.228
local90,2,local_nvme,direct,direct-local,put,52,902.669288,847.261,1096.46,1779.101
local90,2,local_nvme,direct,direct-local,remove,52,58.277327,56.66,64.99,83.98
local90,2,remote_nof,direct,direct-remote,get,44,161.708045,159.43,173.631,182.64
local90,2,remote_nof,direct,direct-remote,put,52,970.163481,230.2,250.15,38503.408
local90,2,remote_nof,direct,direct-remote,remove,52,60.108692,58.76,68.96,82.46
local90,2,,no_store,no_store,noop,52,0.0,0.0,0.0,0.0
local90,2,,no_store,no_store,recompute,96,1000.0,1000.0,1000.0,1000.0
local90,2,local_nvme,transparent,transparent-local,get,44,1051.878318,525.52,678.31,22885.391
local90,2,local_nvme,transparent,transparent-local,put,52,950.588404,887.85,1224.181,1719.271
local90,2,local_nvme,transparent,transparent-local,remove,52,64.813481,57.45,64.46,388.16
local90,2,remote_nof,transparent,transparent-remote,get,44,162.526909,161.39,175.49,186.67
local90,2,remote_nof,transparent,transparent-remote,put,52,962.661519,262.28,298.33,36467.198
local90,2,remote_nof,transparent,transparent-remote,remove,52,61.032673,59.29,69.36,85.26
local90,3,local_nvme,direct,direct-local,get,44,1149.099386,553.951,766.781,13142.676
local90,3,local_nvme,direct,direct-local,put,52,883.283096,825.061,1210.51,1683.831
local90,3,local_nvme,direct,direct-local,remove,52,58.340577,57.2,66.34,82.92
local90,3,remote_nof,direct,direct-remote,get,44,161.4865,160.08,172.22,183.13
local90,3,remote_nof,direct,direct-remote,put,52,1095.352827,229.77,267.13,45035.012
local90,3,remote_nof,direct,direct-remote,remove,52,60.188635,58.66,67.57,85.94
local90,3,,no_store,no_store,noop,52,0.0,0.0,0.0,0.0
local90,3,,no_store,no_store,recompute,96,1000.0,1000.0,1000.0,1000.0
local90,3,local_nvme,transparent,transparent-local,get,44,1019.196773,520.93,1166.801,14492.596
local90,3,local_nvme,transparent,transparent-local,put,52,939.9145,876.001,1242.481,1757.881
local90,3,local_nvme,transparent,transparent-local,remove,52,58.128731,57.07,64.38,81.3
local90,3,remote_nof,transparent,transparent-remote,get,44,160.524864,157.49,172.93,208.141
local90,3,remote_nof,transparent,transparent-remote,put,52,906.306635,269.19,339.269,33240.046
local90,3,remote_nof,transparent,transparent-remote,remove,52,60.595346,59.31,66.9,83.97
local90,4,local_nvme,direct,direct-local,get,44,1075.739159,549.991,766.15,22375.391
local90,4,local_nvme,direct,direct-local,put,52,923.958404,875.041,1107.911,1797.121
local90,4,local_nvme,direct,direct-local,remove,52,59.282692,56.72,73.55,125.99
local90,4,remote_nof,direct,direct-remote,get,44,164.035705,160.709,186.109,218.511
local90,4,remote_nof,direct,direct-remote,put,52,812.742327,230.8,368.24,29965.794
local90,4,remote_nof,direct,direct-remote,remove,52,59.707769,58.54,63.87,85.12
local90,4,,no_store,no_store,noop,52,0.0,0.0,0.0,0.0
local90,4,,no_store,no_store,recompute,96,1000.0,1000.0,1000.0,1000.0
local90,4,local_nvme,transparent,transparent-local,get,44,1190.442977,522.98,790.42,28381.263
local90,4,local_nvme,transparent,transparent-local,put,52,968.398212,901.08,1319.9,1876.681
local90,4,local_nvme,transparent,transparent-local,remove,52,58.43825,57.18,64.67,83.66
local90,4,remote_nof,transparent,transparent-remote,get,44,163.326341,159.38,185.8,233.95
local90,4,remote_nof,transparent,transparent-remote,put,52,892.112346,262.501,439.971,32296.765
local90,4,remote_nof,transparent,transparent-remote,remove,52,60.705923,58.63,68.39,99.44
remote_stress,1,local_nvme,direct,direct-local,get,44,1142.44025,563.58,936.13,15691.787
remote_stress,1,local_nvme,direct,direct-local,put,52,952.834731,863.55,1311.401,2132.552
remote_stress,1,local_nvme,direct,direct-local,remove,52,61.239942,59.0,68.88,91.149
remote_stress,1,remote_nof,direct,direct-remote,get,44,2414.718455,2414.172,2439.952,2448.421
remote_stress,1,remote_nof,direct,direct-remote,put,52,3311.894019,2509.292,2574.912,43891.251
remote_stress,1,remote_nof,direct,direct-remote,remove,52,64.591635,61.64,73.6,104.65
remote_stress,1,,no_store,no_store,noop,52,0.0,0.0,0.0,0.0
remote_stress,1,,no_store,no_store,recompute,96,1000.0,1000.0,1000.0,1000.0
remote_stress,1,local_nvme,transparent,transparent-local,get,44,1240.775932,556.721,6699.413,12146.216
remote_stress,1,local_nvme,transparent,transparent-local,put,52,984.836192,889.43,1325.68,2171.391
remote_stress,1,local_nvme,transparent,transparent-local,remove,52,62.477365,59.88,74.79,85.091
remote_stress,1,remote_nof,transparent,transparent-remote,get,44,2399.4,2397.502,2427.481,2443.361
remote_stress,1,remote_nof,transparent,transparent-remote,put,52,3205.236365,2496.251,2587.671,38764.858
remote_stress,1,remote_nof,transparent,transparent-remote,remove,52,44.973615,41.57,58.63,89.53
remote_stress,2,local_nvme,direct,direct-local,get,44,1230.417795,563.221,1021.071,17720.008
remote_stress,2,local_nvme,direct,direct-local,put,52,934.903327,848.54,1338.421,1968.58
remote_stress,2,local_nvme,direct,direct-local,remove,52,62.359846,59.05,82.87,92.55
remote_stress,2,remote_nof,direct,direct-remote,get,44,169.039182,164.17,192.3,258.37
remote_stress,2,remote_nof,direct,direct-remote,put,52,960.251212,234.45,263.81,37801.247
remote_stress,2,remote_nof,direct,direct-remote,remove,52,63.183692,61.4,70.43,85.07
remote_stress,2,,no_store,no_store,noop,52,0.0,0.0,0.0,0.0
remote_stress,2,,no_store,no_store,recompute,96,1000.0,1000.0,1000.0,1000.0
remote_stress,2,local_nvme,transparent,transparent-local,get,44,1087.349432,575.08,5001.412,10310.695
remote_stress,2,local_nvme,transparent,transparent-local,put,52,981.281904,897.5,1383.181,2032.051
remote_stress,2,local_nvme,transparent,transparent-local,remove,52,61.138558,58.37,73.36,86.42
remote_stress,2,remote_nof,transparent,transparent-remote,get,44,169.090523,163.55,183.44,286.05
remote_stress,2,remote_nof,transparent,transparent-remote,put,52,1099.071654,274.22,380.27,42823.11
remote_stress,2,remote_nof,transparent,transparent-remote,remove,52,64.409423,60.73,72.97,125.55
remote_stress,3,local_nvme,direct,direct-local,get,44,1307.482795,573.181,884.601,18133.399
remote_stress,3,local_nvme,direct,direct-local,put,52,962.671019,875.971,1279.351,1906.881
remote_stress,3,local_nvme,direct,direct-local,remove,52,64.843654,60.03,79.209,162.451
remote_stress,3,remote_nof,direct,direct-remote,get,44,2416.595045,2416.492,2443.481,2493.821
remote_stress,3,remote_nof,direct,direct-remote,put,52,3417.977577,2505.751,2597.911,49528.194
remote_stress,3,remote_nof,direct,direct-remote,remove,52,64.122365,60.76,73.5,93.24
remote_stress,3,,no_store,no_store,noop,52,0.0,0.0,0.0,0.0
remote_stress,3,,no_store,no_store,recompute,96,1000.0,1000.0,1000.0,1000.0
remote_stress,3,local_nvme,transparent,transparent-local,get,44,1171.739864,555.74,5308.923,13133.626
remote_stress,3,local_nvme,transparent,transparent-local,put,52,973.134288,907.741,1366.451,2058.32
remote_stress,3,local_nvme,transparent,transparent-local,remove,52,43.257173,41.61,51.44,64.24
remote_stress,3,remote_nof,transparent,transparent-remote,get,44,2419.778136,2413.261,2457.441,2515.872
remote_stress,3,remote_nof,transparent,transparent-remote,put,52,3305.9675,2556.371,2739.221,39728.709
remote_stress,3,remote_nof,transparent,transparent-remote,remove,52,65.317115,62.2,76.85,102.16
remote_stress,4,local_nvme,direct,direct-local,get,44,1171.679386,574.85,1329.29,17962.889
remote_stress,4,local_nvme,direct,direct-local,put,52,954.973519,895.201,1253.63,1928.511
remote_stress,4,local_nvme,direct,direct-local,remove,52,59.428231,57.54,67.34,80.43
remote_stress,4,remote_nof,direct,direct-remote,get,44,172.01025,162.74,179.65,487.84
remote_stress,4,remote_nof,direct,direct-remote,put,52,849.638788,233.85,269.19,32098.935
remote_stress,4,remote_nof,direct,direct-remote,remove,52,62.851365,61.02,69.08,85.3
remote_stress,4,,no_store,no_store,noop,52,0.0,0.0,0.0,0.0
remote_stress,4,,no_store,no_store,recompute,96,1000.0,1000.0,1000.0,1000.0
remote_stress,4,local_nvme,transparent,transparent-local,get,44,1252.33125,557.99,1395.421,15934.188
remote_stress,4,local_nvme,transparent,transparent-local,put,52,992.684904,913.181,1345.74,1931.491
remote_stress,4,local_nvme,transparent,transparent-local,remove,52,60.920615,58.99,69.87,91.55
remote_stress,4,remote_nof,transparent,transparent-remote,get,44,168.379636,165.62,184.57,187.26
remote_stress,4,remote_nof,transparent,transparent-remote,put,52,1056.342885,271.42,316.52,40828.69
remote_stress,4,remote_nof,transparent,transparent-remote,remove,52,62.224231,60.26,72.04,84.55
