scenario,target,metric,direct_median,transparent_median,ratio_of_medians_pct,median_paired_delta_pct,min_paired_delta_pct,max_paired_delta_pct
idle,local_nvme,p50_latency_us,551.205,551.16,-0.008164,0.525358,-4.158729,20.608372
idle,local_nvme,p95_latency_us,1071.5005,1139.675,6.362526,8.810633,3.565169,9.256606
idle,local_nvme,p99_latency_us,6895.4985,6881.6035,-0.201508,38.41519,-47.223762,313.533653
idle,local_nvme,request_p50_latency_us,3232.071,3431.102,6.158002,7.513636,-3.364829,18.470492
idle,local_nvme,request_p95_latency_us,5046.0575,5274.0785,4.518795,3.937249,-0.688399,8.915752
idle,local_nvme,storage_wait_us,102204.459,99795.7265,-2.356778,-0.459368,-7.874617,11.113184
idle,local_nvme,operation_rate,1448.105233,1483.079787,2.415194,0.492716,-10.001679,8.547717
idle,local_nvme,put_p50_us,841.801,879.57,4.48669,5.969967,-0.871949,18.28392
idle,local_nvme,put_p95_us,1164.4105,1243.5755,6.798719,6.797706,5.607582,7.441796
idle,local_nvme,put_p99_us,1716.026,1818.686,5.982427,2.805557,-6.686609,13.429232
idle,local_nvme,get_p50_us,551.205,551.16,-0.008164,0.525358,-4.158729,20.608372
idle,local_nvme,get_p95_us,976.1505,871.7505,-10.695072,-5.447189,-19.792721,113.212771
idle,local_nvme,get_p99_us,19110.5585,15727.848,-17.700741,-7.581478,-42.65356,3.506298
idle,local_nvme,remove_p50_us,57.215,56.6,-1.074893,-1.143929,-26.291899,8.120035
idle,local_nvme,remove_p95_us,65.76,65.405,-0.539842,-2.258595,-25.01139,15.714938
idle,local_nvme,remove_p99_us,102.93,80.415,-21.874089,-0.922986,-82.288293,21.078115
idle,remote_nof,p50_latency_us,160.3,159.955,-0.215221,-0.386028,-1.966783,0.806729
idle,remote_nof,p95_latency_us,244.69,282.32,15.378642,15.295898,12.998776,17.304416
idle,remote_nof,p99_latency_us,317.975,406.1,27.714443,29.636911,-45.45414,33.194981
idle,remote_nof,request_p50_latency_us,910.82,1030.2655,13.114062,13.302877,12.184577,14.699129
idle,remote_nof,request_p95_latency_us,962.066,1108.63,15.234298,17.238383,12.844191,17.688637
idle,remote_nof,storage_wait_us,61912.85,61091.8355,-1.326081,-3.518871,-11.234157,22.058333
idle,remote_nof,operation_rate,2411.802462,2423.185851,0.471987,3.938115,-18.07196,12.655946
idle,remote_nof,put_p50_us,231.5,265.025,14.481641,14.487943,12.626175,15.030324
idle,remote_nof,put_p95_us,284.875,306.185,7.480474,9.735477,-8.158194,37.194021
idle,remote_nof,put_p99_us,39498.5735,37117.6625,-6.02784,-9.659957,-19.326427,31.998684
idle,remote_nof,get_p50_us,160.3,159.955,-0.215221,-0.386028,-1.966783,0.806729
idle,remote_nof,get_p95_us,173.465,172.2805,-0.682847,-0.539542,-2.236682,2.426852
idle,remote_nof,get_p99_us,230.86,182.735,-20.845967,-16.977178,-39.087403,0.437153
idle,remote_nof,remove_p50_us,59.13,58.89,-0.405885,0.017804,-1.061678,1.79589
idle,remote_nof,remove_p95_us,66.795,66.93,0.202111,-0.958297,-3.554173,4.680592
idle,remote_nof,remove_p99_us,82.355,83.6155,1.530569,0.397922,-2.492474,11.0458
local50,local_nvme,p50_latency_us,550.915,522.655,-5.129648,-3.578594,-5.293511,7.833472
local50,local_nvme,p95_latency_us,1069.0605,1137.0455,6.359322,8.751453,2.432395,12.037044
local50,local_nvme,p99_latency_us,8112.4685,9840.265,21.298036,51.383157,-73.733807,297.758179
local50,local_nvme,request_p50_latency_us,3245.932,3442.3365,6.050789,6.869162,2.774832,14.909756
local50,local_nvme,request_p95_latency_us,5045.043,5252.677,4.115604,3.960409,0.636156,5.542206
local50,local_nvme,storage_wait_us,97161.591,102043.491,5.024516,6.196616,1.96418,8.158636
local50,local_nvme,operation_rate,1523.248099,1450.612347,-4.768478,-5.834965,-7.543213,-1.926344
local50,local_nvme,put_p50_us,841.925,895.086,6.31422,7.135197,1.155877,14.442399
local50,local_nvme,put_p95_us,1233.17,1231.4605,-0.138626,2.848374,-3.711693,7.015695
local50,local_nvme,put_p99_us,1796.906,1769.396,-1.530965,-1.37065,-6.808364,7.898356
local50,local_nvme,get_p50_us,550.915,522.655,-5.129648,-3.578594,-5.293511,7.833472
local50,local_nvme,get_p95_us,914.05,881.9055,-3.516711,3.015322,-19.617339,32.468112
local50,local_nvme,get_p99_us,15649.802,15862.098,1.356541,-5.45927,-23.973513,71.225157
local50,local_nvme,remove_p50_us,56.86,57.0005,0.247098,2.778316,-0.670786,38.753651
local50,local_nvme,remove_p95_us,66.019,67.35,2.016086,6.990156,-15.46782,37.782516
local50,local_nvme,remove_p99_us,79.65,86.4495,8.536723,13.134535,2.254272,20.158162
local50,remote_nof,p50_latency_us,159.385,160.2105,0.517928,0.103875,-0.47205,1.57818
local50,remote_nof,p95_latency_us,245.955,283.82,15.395093,15.476999,14.930358,16.102585
local50,remote_nof,p99_latency_us,344.8755,429.485,24.533346,10.910361,-6.377819,36.820345
local50,remote_nof,request_p50_latency_us,902.8055,1025.7995,13.623532,13.680648,12.167313,14.93476
local50,remote_nof,request_p95_latency_us,1026.68,1122.0055,9.284831,9.280889,3.17063,13.709507
local50,remote_nof,storage_wait_us,56997.108,58265.671,2.225662,-5.037758,-9.209882,28.237858
local50,remote_nof,operation_rate,2600.591979,2552.955681,-1.831748,5.45358,-22.019908,10.144146
local50,remote_nof,put_p50_us,231.0505,262.825,13.752188,14.202279,13.657588,15.00808
local50,remote_nof,put_p95_us,305.605,349.5305,14.373292,16.98174,8.585797,39.863131
local50,remote_nof,put_p99_us,34739.9415,34119.6065,-1.785654,-12.614119,-18.741122,43.787128
local50,remote_nof,get_p50_us,159.385,160.2105,0.517928,0.103875,-0.47205,1.57818
local50,remote_nof,get_p95_us,173.525,172.49,-0.596456,-0.60518,-2.882521,0.857722
local50,remote_nof,get_p99_us,186.35,191.12,2.559699,2.582308,-0.675169,29.965157
local50,remote_nof,remove_p50_us,58.94,59.2955,0.603156,0.603107,-0.661691,0.900289
local50,remote_nof,remove_p95_us,67.46,68.015,0.82271,1.02758,-8.348821,4.752594
local50,remote_nof,remove_p99_us,83.925,84.1705,0.292523,-1.126961,-6.778538,22.255377
local90,local_nvme,p50_latency_us,549.2155,524.25,-4.545666,-4.465833,-5.960997,-3.505261
local90,local_nvme,p95_latency_us,1039.2,1131.3205,8.864559,7.519337,0.459157,20.035522
local90,local_nvme,p99_latency_us,7464.9635,1797.976,-75.91447,-37.653875,-86.344616,4.427081
local90,local_nvme,request_p50_latency_us,3251.2465,3437.9125,5.741367,5.304617,3.270282,7.684565
local90,local_nvme,request_p95_latency_us,4945.078,5243.0765,6.026164,4.889231,2.778035,9.427035
local90,local_nvme,storage_wait_us,98992.932,100940.446,1.967326,1.446265,-3.953907,7.428243
local90,local_nvme,operation_rate,1495.099392,1466.70743,-1.899002,-1.253031,-6.914609,4.116676
local90,local_nvme,put_p50_us,845.5855,888.205,5.040235,5.040731,2.975746,6.174089
local90,local_nvme,put_p95_us,1149.606,1254.5705,9.130476,8.98713,2.641118,19.134118
local90,local_nvme,put_p99_us,1731.466,1738.576,0.410635,2.094459,-3.362934,4.427081
local90,local_nvme,get_p50_us,549.2155,524.25,-4.545666,-4.465833,-5.960997,-3.505261
local90,local_nvme,get_p95_us,862.3405,829.4155,-3.818097,-13.01001,-34.332723,52.168742
local90,local_nvme,get_p99_us,17899.754,24236.2215,35.399746,27.320349,10.271272,45.044114
local90,local_nvme,remove_p50_us,56.79,57.125,0.589893,0.484642,-0.227273,1.394282
local90,local_nvme,remove_p95_us,66.285,64.565,-2.594856,-2.322777,-12.073419,-0.81551
local90,local_nvme,remove_p99_us,91.0855,83.22,-8.635293,-8.824306,-33.597905,362.205287
local90,remote_nof,p50_latency_us,160.3945,160.24,-0.096325,-0.397957,-1.617941,1.22938
local90,remote_nof,p95_latency_us,245.475,282.84,15.221509,14.718461,13.488108,18.459566
local90,remote_nof,p99_latency_us,332.835,478.26,43.692821,15.666088,8.825867,96.801819
local90,remote_nof,request_p50_latency_us,901.335,1030.0565,14.281205,14.425087,13.849569,14.588543
local90,remote_nof,request_p95_latency_us,954.4505,1295.6005,35.743079,20.951157,14.250082,54.318573
local90,remote_nof,storage_wait_us,60206.581,57371.252,-4.709334,-2.1972,-14.661472,7.888057
local90,remote_nof,operation_rate,2458.36107,2579.689885,4.935354,2.277206,-7.311335,17.180366
local90,remote_nof,put_p50_us,230.5,264.5205,14.759436,13.852778,13.735269,17.156287
local90,remote_nof,put_p95_us,263.38,374.59,42.224163,23.24231,19.260444,57.882756
local90,remote_nof,put_p99_us,37933.143,33070.8155,-12.818151,-8.614416,-26.190658,7.778773
local90,remote_nof,get_p50_us,160.3945,160.24,-0.096325,-0.397957,-1.617941,1.22938
local90,remote_nof,get_p95_us,172.9255,177.33,2.547051,0.741462,-0.166032,4.961921
local90,remote_nof,get_p99_us,191.515,197.4055,3.075738,4.636037,-7.478739,13.657511
local90,remote_nof,remove_p50_us,58.625,59.12,0.84435,0.758207,0.153741,1.10808
local90,remote_nof,remove_p95_us,66.775,67.645,1.302883,-0.205759,-2.243104,7.076875
local90,remote_nof,remove_p99_us,85.53,85.1855,-0.402783,0.551644,-2.974236,16.823308
remote_stress,local_nvme,p50_latency_us,568.3805,557.3555,-1.939722,-2.07499,-3.042843,2.105568
remote_stress,local_nvme,p95_latency_us,1227.7355,1287.2505,4.847542,4.855464,-1.649172,15.145459
remote_stress,local_nvme,p99_latency_us,10064.6145,10045.12,-0.193693,-4.015452,-38.219625,75.755573
remote_stress,local_nvme,request_p50_latency_us,3332.742,3410.2705,2.326268,3.258039,-1.506042,4.082822
remote_stress,local_nvme,request_p95_latency_us,5475.6965,5970.927,9.044155,9.704113,3.174341,13.126381
remote_stress,local_nvme,storage_wait_us,105149.426,106731.678,1.504765,0.816613,-5.904016,5.87887
remote_stress,local_nvme,operation_rate,1407.612018,1387.311911,-1.442166,-0.608426,-5.552449,6.274461
remote_stress,local_nvme,put_p50_us,869.7605,902.6205,3.778052,3.311882,2.008487,5.769911
remote_stress,local_nvme,put_p95_us,1295.376,1356.0955,4.687404,5.076189,1.088836,7.347463
remote_stress,local_nvme,put_p99_us,1948.5455,2045.1855,4.959597,2.522724,0.154523,7.941712
remote_stress,local_nvme,get_p50_us,568.3805,557.3555,-1.939722,-2.07499,-3.042843,2.105568
remote_stress,local_nvme,get_p95_us,978.6005,5155.1675,426.789788,444.98454,4.974911,615.649856
remote_stress,local_nvme,get_p99_us,17841.4485,12639.921,-29.154177,-25.083626,-41.81326,-11.293846
remote_stress,local_nvme,remove_p50_us,59.025,58.68,-0.584498,0.169979,-30.684658,2.519986
remote_stress,local_nvme,remove_p95_us,74.0445,71.615,-3.281135,-3.859376,-35.057885,8.580139
remote_stress,local_nvme,remove_p99_us,91.8495,85.7555,-6.634767,-6.634854,-60.455768,13.825687
remote_stress,remote_nof,p50_latency_us,1289.171,1281.4605,-0.598098,-0.255682,-0.698832,1.769694
remote_stress,remote_nof,p95_latency_us,1395.326,1427.7705,2.325227,10.490642,1.063959,16.244633
remote_stress,remote_nof,p99_latency_us,1542.7055,1554.786,0.783072,2.208868,-8.61758,53.749193
remote_stress,remote_nof,request_p50_latency_us,5448.3675,5483.1175,0.637806,8.4978,-0.953449,16.947962
remote_stress,remote_nof,request_p95_latency_us,5559.138,5782.8785,4.024734,9.185506,1.25941,34.563346
remote_stress,remote_nof,storage_wait_us,171240.6025,171262.759,0.012939,5.026722,-2.569094,19.186933
remote_stress,remote_nof,operation_rate,1482.562324,1358.678412,-8.356068,-4.363361,-16.098185,2.636837
remote_stress,remote_nof,put_p50_us,1370.1005,1385.2355,1.104663,9.043004,-0.519708,16.963105
remote_stress,remote_nof,put_p95_us,1422.051,1483.9705,4.354239,11.510874,0.495512,44.145408
remote_stress,remote_nof,put_p99_us,40846.249,40278.6995,-1.389478,0.802577,-19.78567,27.196401
remote_stress,remote_nof,get_p50_us,1289.171,1281.561,-0.590302,-0.255682,-0.690506,1.769694
remote_stress,remote_nof,get_p95_us,1316.126,1306.0255,-0.767442,0.0301,-4.607384,2.738659
remote_stress,remote_nof,get_p99_us,1468.1305,1364.7055,-7.044673,0.338781,-61.614464,10.713318
remote_stress,remote_nof,remove_p50_us,61.21,60.495,-1.16811,-1.168349,-32.560026,2.36998
remote_stress,remote_nof,remove_p95_us,71.965,72.505,0.750365,3.945652,-20.339674,4.557823
remote_stress,remote_nof,remove_p99_us,89.27,95.845,7.365296,4.34373,-14.448161,47.584342
