scenario,trial,target,anchor_position,case_id,elapsed_sec,system_cpu_pct,nic_rx_Bps,nic_tx_Bps,client_block_util_pct,exit_code,local_temperature_c_before,target_temperature_c_before,local_temperature_c_after,target_temperature_c_after
idle,1,local_nvme,,direct-local,14.709773283917457,0.056701688037138945,0.0,0.0,0.0883766170224609,0,35.85000000000002,19.0,35.85000000000002,19.0
idle,1,remote_nof,,direct-remote,2.5594823607243598,0.12134810880117226,0.0,0.0,0.0,0,36.85000000000002,19.0,36.85000000000002,19.0
idle,1,,,no_store,0.0889877830632031,0.21944261575597981,0.0,0.0,0.0,0,35.85000000000002,19.0,35.85000000000002,19.0
idle,1,local_nvme,,transparent-local,14.714171436149627,0.0581443972297779,0.0,0.0,0.061165523584215495,0,35.85000000000002,19.0,35.85000000000002,19.0
idle,1,remote_nof,,transparent-remote,3.5467741517350078,0.0947272186546532,0.0,0.0,0.0,0,36.85000000000002,19.0,36.85000000000002,19.0
idle,2,local_nvme,,direct-local,14.692986336071044,0.05144915108900703,0.0,0.0,0.07486565187224858,0,36.85000000000002,23.0,35.85000000000002,22.0
idle,2,remote_nof,,direct-remote,2.504312284756452,0.0920393741322559,0.0,0.0,0.0,0,36.85000000000002,20.0,36.85000000000002,20.0
idle,2,,,no_store,0.0914296736009419,0.19305019305019305,0.0,0.0,0.0,0,36.85000000000002,25.0,36.85000000000002,25.0
idle,2,local_nvme,,transparent-local,14.69425749592483,0.060883771816131006,0.0,0.0,0.05444303669116079,0,36.85000000000002,24.0,36.85000000000002,23.0
idle,2,remote_nof,,transparent-remote,2.479778483044356,0.09375024619287341,0.0,0.0,0.0,0,36.85000000000002,20.0,36.85000000000002,20.0
idle,3,local_nvme,,direct-local,14.722080801147968,0.058909927516906754,0.0,0.0,0.10868028926150429,0,37.85000000000002,20.0,37.85000000000002,20.0
idle,3,remote_nof,,direct-remote,3.5327611840330064,0.07630295591016156,0.0,0.0,0.0,0,38.85000000000002,19.0,37.85000000000002,19.0
idle,3,,,no_store,0.08901322307065129,0.307152259763054,0.0,0.0,0.0,0,37.85000000000002,20.0,37.85000000000002,20.0
idle,3,local_nvme,,transparent-local,14.7368598356843,0.056465348700037776,0.0,0.0,0.06785706121588864,0,37.85000000000002,20.0,37.85000000000002,19.0
idle,3,remote_nof,,transparent-remote,2.494778129272163,0.13153773880363295,0.0,0.0,0.0,0,37.85000000000002,19.0,37.85000000000002,19.0
idle,4,local_nvme,,direct-local,14.700830520130694,0.058464457595994654,0.0,0.0,0.10203505155344547,0,37.85000000000002,20.0,36.85000000000002,20.0
idle,4,remote_nof,,direct-remote,3.538082906976342,0.09441410800753104,0.0,0.0,0.0,0,37.85000000000002,19.0,37.85000000000002,19.0
idle,4,,,no_store,0.09239744395017624,0.23236163920574568,0.0,0.0,0.0,0,37.85000000000002,20.0,37.85000000000002,20.0
idle,4,local_nvme,,transparent-local,14.73210964538157,0.05621828605826283,0.0,0.0,0.09503051726463982,0,37.85000000000002,20.0,37.85000000000002,20.0
idle,4,remote_nof,,transparent-remote,2.533993967808783,0.12952169488389306,0.0,0.0,0.0,0,37.85000000000002,19.0,37.85000000000002,19.0
local50,1,local_nvme,,direct-local,14.690395785029978,0.15564388678703128,0.0,0.0,94.12952654475934,0,35.85000000000002,19.0,35.85000000000002,19.0
local50,1,remote_nof,,direct-remote,3.5197617979720235,0.15493372279635934,0.0,0.0,94.40979789923877,0,36.85000000000002,19.0,36.85000000000002,19.0
local50,1,,,no_store,0.08931423304602504,0.4156639684970466,0.0,0.0,97.40888661627707,0,35.85000000000002,19.0,35.85000000000002,19.0
local50,1,local_nvme,,transparent-local,14.69375264691189,0.15840525410676595,0.0,0.0,93.84940887036215,0,35.85000000000002,19.0,36.85000000000002,19.0
local50,1,remote_nof,,transparent-remote,3.5331815145909786,0.18975332068311196,0.0,0.0,94.4757575067984,0,36.85000000000002,19.0,36.85000000000002,19.0
local50,2,local_nvme,,direct-local,14.694069066084921,0.15524438685783765,0.0,0.0,94.37140888364365,0,36.85000000000002,22.0,36.85000000000002,21.0
local50,2,remote_nof,,direct-remote,2.513071918860078,0.18199069825320038,0.0,0.0,93.86917987886457,0,36.85000000000002,23.0,36.85000000000002,22.0
local50,2,,,no_store,0.09063532296568155,0.30165912518853694,0.0,0.0,90.47245303141771,0,36.85000000000002,24.0,36.85000000000002,23.0
local50,2,local_nvme,,transparent-local,14.722855200059712,0.16196116383699272,0.0,0.0,94.5808391835812,0,36.85000000000002,23.0,36.85000000000002,22.0
local50,2,remote_nof,,transparent-remote,3.5829253583215177,0.18872143951914214,0.0,0.0,93.86184928997389,0,36.85000000000002,24.0,36.85000000000002,23.0
local50,3,local_nvme,,direct-local,14.724078441038728,0.14842546864213266,0.0,0.0,94.63410600396807,0,36.85000000000002,23.0,36.85000000000002,22.0
local50,3,remote_nof,,direct-remote,2.547113054897636,0.20643873987951344,0.0,0.0,94.3421021449938,0,36.85000000000002,24.0,36.85000000000002,23.0
local50,3,,,no_store,0.08912072284147143,0.2850252137689103,0.0,0.0,94.25417267925417,0,36.85000000000002,24.0,36.85000000000002,23.0
local50,3,local_nvme,,transparent-local,14.721193100325763,0.1571913725302766,0.0,0.0,94.31300782062809,0,36.85000000000002,22.0,36.85000000000002,22.0
local50,3,remote_nof,,transparent-remote,2.539832640904933,0.21623202234654068,0.0,0.0,94.14006110056509,0,36.85000000000002,23.0,36.85000000000002,22.0
local50,4,local_nvme,,direct-local,14.731119163800031,0.15615339915568374,0.0,0.0,94.05938439524316,0,37.85000000000002,21.0,37.85000000000002,21.0
local50,4,remote_nof,,direct-remote,2.5439599631354213,0.2205893655942078,0.0,0.0,93.75147543833576,0,37.85000000000002,20.0,37.85000000000002,20.0
local50,4,,,no_store,0.09219735395163298,0.2754237288135593,0.0,0.0,90.02427558120817,0,37.85000000000002,22.0,37.85000000000002,22.0
local50,4,local_nvme,,transparent-local,14.681904441211373,0.1585260669562995,0.0,0.0,94.41554435601732,0,37.85000000000002,21.0,37.85000000000002,21.0
local50,4,remote_nof,,transparent-remote,2.527515344787389,0.22658376639445682,0.0,0.0,93.9262349048052,0,37.85000000000002,20.0,37.85000000000002,20.0
local90,1,local_nvme,,direct-local,14.69612167775631,0.24564407131121826,0.0,0.0,99.50244234935136,0,36.85000000000002,19.0,36.85000000000002,19.0
local90,1,remote_nof,,direct-remote,2.5321735772304237,0.3070584876983729,0.0,0.0,98.80839222469787,0,36.85000000000002,19.0,36.85000000000002,19.0
local90,1,,,no_store,0.08781052194535732,0.3572225943290913,0.0,0.0,100,0,36.85000000000002,19.0,36.85000000000002,19.0
local90,1,local_nvme,,transparent-local,14.72568552242592,0.24197303539518947,0.0,0.0,99.33663174948865,0,36.85000000000002,19.0,37.85000000000002,19.0
local90,1,remote_nof,,transparent-remote,3.532811684999615,0.2676680252846738,0.0,0.0,98.590027166998,0,36.85000000000002,19.0,36.85000000000002,19.0
local90,2,local_nvme,,direct-local,14.723408541176468,0.23776953073688653,0.0,0.0,99.2636994288837,0,36.85000000000002,21.0,36.85000000000002,21.0
local90,2,remote_nof,,direct-remote,2.4927253583446145,0.26333939431939307,0.0,0.0,98.72728223996234,0,36.85000000000002,20.0,36.85000000000002,20.0
local90,2,,,no_store,0.08854615176096559,0.374614367562803,0.0,0.0,98.25384646287114,0,35.85000000000002,22.0,36.85000000000002,22.0
local90,2,local_nvme,,transparent-local,14.715205546934158,0.24877735356120667,0.0,0.0,99.57727028184722,0,36.85000000000002,22.0,36.85000000000002,21.0
local90,2,remote_nof,,transparent-remote,3.5736512639559805,0.2689759233746638,0.0,0.0,98.75054221416804,0,36.85000000000002,20.0,36.85000000000002,20.0
local90,3,local_nvme,,direct-local,14.719171728007495,0.2259646979945965,0.0,0.0,99.02731124649446,0,37.85000000000002,20.0,37.85000000000002,20.0
local90,3,remote_nof,,direct-remote,2.4992216117680073,0.26813004698138726,0.0,0.0,98.75074656761149,0,37.85000000000002,19.0,37.85000000000002,19.0
local90,3,,,no_store,0.09196144388988614,0.36101083032490977,0.0,0.0,100,0,37.85000000000002,21.0,37.85000000000002,20.0
local90,3,local_nvme,,transparent-local,14.739386137574911,0.24201393767014534,0.0,0.0,99.3189259265079,0,37.85000000000002,20.0,37.85000000000002,20.0
local90,3,remote_nof,,transparent-remote,2.5362319089472294,0.30504244403703645,0.0,0.0,99.1234275986829,0,37.85000000000002,19.0,37.85000000000002,19.0
local90,4,local_nvme,,direct-local,14.700995841063559,0.2406529388627255,0.0,0.0,99.36741808467289,0,37.85000000000002,23.0,37.85000000000002,22.0
local90,4,remote_nof,,direct-remote,3.5612996984273195,0.26663448033707865,0.0,0.0,98.86839912841045,0,36.85000000000002,20.0,36.85000000000002,20.0
local90,4,,,no_store,0.08976766327396035,0.3271537622682661,0.0,0.0,99.14483317715697,0,36.85000000000002,25.0,36.85000000000002,24.0
local90,4,local_nvme,,transparent-local,14.687421882990748,0.23886917523634216,0.0,0.0,99.56818913832525,0,36.85000000000002,24.0,37.85000000000002,23.0
local90,4,remote_nof,,transparent-remote,2.523861404042691,0.2686361489808084,0.0,0.0,98.93570209522342,0,36.85000000000002,20.0,36.85000000000002,20.0
remote_stress,1,local_nvme,,direct-local,14.705842803232372,0.25281880344832625,0.0,0.0,0.07480020116617987,0,37.85000000000002,22.0,36.85000000000002,23.0
remote_stress,1,remote_nof,,direct-remote,3.5614585489965975,0.2880136929938612,0.0,0.0,0.0,0,37.85000000000002,20.0,37.85000000000002,21.0
remote_stress,1,,,no_store,0.08743519196286798,0.3797185615367434,0.0,0.0,0.0,0,37.85000000000002,20.0,37.85000000000002,21.0
remote_stress,1,local_nvme,,transparent-local,14.725343402009457,0.2556591282381942,0.0,0.0,0.06791013103732016,0,36.85000000000002,23.0,36.85000000000002,24.0
remote_stress,1,remote_nof,,transparent-remote,3.5363682457245886,0.2994475138121547,0.0,0.0,0.0,0,37.85000000000002,22.0,36.85000000000002,23.0
remote_stress,2,local_nvme,,direct-local,13.686615145765245,0.25478998025912925,0.0,0.0,0.08037049250561774,0,36.85000000000002,25.0,36.85000000000002,26.0
remote_stress,2,remote_nof,,direct-remote,3.5608373982831836,0.3007716879438852,0.0,0.0,0.0,0,36.85000000000002,21.0,36.85000000000002,21.0
remote_stress,2,,,no_store,0.09213246405124664,0.5084745762711864,0.0,0.0,0.0,0,36.85000000000002,22.0,36.85000000000002,23.0
remote_stress,2,local_nvme,,transparent-local,14.684736032038927,0.2527782323351254,0.0,0.0,0.08171750567268345,0,36.85000000000002,24.0,36.85000000000002,25.0
remote_stress,2,remote_nof,,transparent-remote,3.5383374472148716,0.29104444640805865,0.0,0.0,0.0,0,36.85000000000002,21.0,36.85000000000002,21.0
remote_stress,3,local_nvme,,direct-local,14.69501823792234,0.2575219132934221,0.0,0.0,0.08846535464959047,0,36.85000000000002,22.0,36.85000000000002,23.0
remote_stress,3,remote_nof,,direct-remote,3.5209423690102994,0.2974538835490244,0.0,0.0,0.0,0,37.85000000000002,20.0,37.85000000000002,21.0
remote_stress,3,,,no_store,0.08889135206118226,0.5052724077328646,0.0,0.0,0.0,0,36.85000000000002,21.0,36.85000000000002,21.0
remote_stress,3,local_nvme,,transparent-local,14.69930933881551,0.2497238949485069,0.0,0.0,0.09524257009158321,0,36.85000000000002,24.0,36.85000000000002,24.0
remote_stress,3,remote_nof,,transparent-remote,3.5616754977963865,0.27152001843044976,0.0,0.0,0.0,0,37.85000000000002,22.0,37.85000000000002,23.0
remote_stress,4,local_nvme,,direct-local,14.71430810727179,0.25000962596807363,0.0,0.0,0.08155327394612334,0,36.85000000000002,25.0,36.85000000000002,26.0
remote_stress,4,remote_nof,,direct-remote,2.5174185200594366,0.28798534457330044,0.0,0.0,0.0,0,36.85000000000002,21.0,36.85000000000002,21.0
remote_stress,4,,,no_store,0.0885559618473053,0.4189636163175303,0.0,0.0,0.0,0,36.85000000000002,22.0,36.85000000000002,23.0
remote_stress,4,local_nvme,,transparent-local,14.705267772078514,0.2564126410103455,0.0,0.0,0.14280596807542362,0,36.85000000000002,24.0,36.85000000000002,25.0
remote_stress,4,remote_nof,,transparent-remote,3.5263076717965305,0.28042873452376993,0.0,0.0,0.0,0,37.85000000000002,21.0,36.85000000000002,21.0
idle_anchor,,local_nvme,pre,direct-local,14.689243503846228,0.058376184644270954,0.0,0.0,0.08850013274404556,0,35.85000000000002,19.0,35.85000000000002,19.0
idle_anchor,,local_nvme,pre,transparent-local,14.729260602965951,0.05490337536403325,0.0,0.0,0.08825969171447928,0,35.85000000000002,19.0,35.85000000000002,19.0
idle_anchor,,local_nvme,post,direct-local,14.739697429351509,0.051286332788664526,0.0,0.0,0.08819719714268213,0,36.85000000000002,20.0,36.85000000000002,20.0
idle_anchor,,local_nvme,post,transparent-local,14.68238304136321,0.06359385082053363,0.0,0.0,0.04767618431067763,0,36.85000000000002,20.0,36.85000000000002,20.0
idle_anchor,,remote_nof,pre,direct-remote,3.5342257050797343,0.08844176662428832,0.0,0.0,0.0,0,36.85000000000002,19.0,36.85000000000002,19.0
idle_anchor,,remote_nof,pre,transparent-remote,2.546255844179541,0.12274927693004059,0.0,0.0,0.0,0,36.85000000000002,19.0,36.85000000000002,19.0
idle_anchor,,remote_nof,post,direct-remote,3.527894912287593,0.09246493807063878,0.0,0.0,0.0,0,36.85000000000002,19.0,36.85000000000002,19.0
idle_anchor,,remote_nof,post,transparent-remote,2.512168748304248,0.12287305191775283,0.0,0.0,0.0,0,36.85000000000002,19.0,36.85000000000002,19.0
