size_bytes,target,metric,direct_median,transparent_median,ratio_of_medians_pct,median_paired_delta_pct,min_paired_delta_pct,max_paired_delta_pct
16384,local_nvme,get_p50_us,406.67,397.121,-2.348096,-1.474948,-4.3598,0.68225
16384,local_nvme,get_p95_us,951.901,644.25,-32.319642,-32.319642,-79.737566,631.279178
16384,local_nvme,get_p99_us,21936.461,20292.4,-7.49465,-7.49465,-28.819102,-3.545257
16384,local_nvme,operation_rate,1707.102819,1675.729419,-1.837815,-1.837815,-8.923754,28.427674
16384,local_nvme,overall_p50_us,406.67,397.121,-2.348096,-1.474948,-4.3598,0.68225
16384,local_nvme,overall_p95_us,900.91,921.98,2.338746,2.338746,-21.985045,16.609529
16384,local_nvme,overall_p99_us,4345.831,5574.883,28.281173,28.281173,7.724323,55.417646
16384,local_nvme,put_p50_us,700.96,737.321,5.187315,5.788392,5.187315,11.783676
16384,local_nvme,put_p95_us,1016.971,1020.97,0.393227,1.409971,-85.866093,6.46849
16384,local_nvme,put_p99_us,1475.371,1361.371,-7.72687,-4.716847,-85.654877,6.685417
16384,local_nvme,remove_p50_us,59.94,60.131,0.318652,0.318652,-2.017386,62.52354
16384,local_nvme,remove_p95_us,67.91,72.13,6.214107,4.123104,1.677474,72.733393
16384,local_nvme,remove_p99_us,82.91,89.9,8.430829,8.430829,5.311165,40.430904
16384,local_nvme,request_p50_us,2715.89,2873.322,5.7967,5.972472,5.7967,9.158865
16384,local_nvme,request_p95_us,4134.411,3940.761,-4.683859,-4.683859,-84.852331,18.026065
16384,local_nvme,storage_wait_us,86696.594,88319.748,1.872223,1.872223,-22.135162,9.798114
16384,remote_nof,get_p50_us,123.34,121.0,-1.897195,-1.9131,-2.035025,0.653365
16384,remote_nof,get_p95_us,134.88,136.251,1.016459,0.96382,-9.117529,5.744903
16384,remote_nof,get_p99_us,145.7,148.97,2.244338,0.857927,-6.249213,6.26359
16384,remote_nof,operation_rate,2656.678322,2539.734446,-4.401883,-4.401883,-17.427164,7.115666
16384,remote_nof,overall_p50_us,123.34,121.0,-1.897195,-1.9131,-2.035025,0.653365
16384,remote_nof,overall_p95_us,211.88,253.06,19.43553,19.43553,19.006718,19.471841
16384,remote_nof,overall_p99_us,281.26,385.0,36.884022,37.225549,20.673805,42.682927
16384,remote_nof,put_p50_us,195.96,231.59,18.182282,17.360686,17.24295,19.906012
16384,remote_nof,put_p95_us,221.28,272.361,23.084328,25.263763,-6.191349,34.838214
16384,remote_nof,put_p99_us,36890.728,37625.668,1.992208,1.992208,-13.871432,26.440801
16384,remote_nof,remove_p50_us,57.891,58.12,0.395571,0.395571,0.034223,1.025909
16384,remote_nof,remove_p95_us,65.63,66.03,0.609477,0.609477,-4.43984,7.909258
16384,remote_nof,remove_p99_us,84.67,82.93,-2.055037,2.382716,-15.600449,2.881776
16384,remote_nof,request_p50_us,773.612,894.81,15.66651,15.324219,15.064424,17.84618
16384,remote_nof,request_p95_us,808.51,986.721,22.041904,20.181569,12.410841,24.218032
16384,remote_nof,storage_wait_us,55708.664,58273.809,4.604571,4.604571,-6.642974,21.105202
65536,local_nvme,get_p50_us,445.91,427.73,-4.077056,-3.182508,-17.862361,8.647485
65536,local_nvme,get_p95_us,727.981,742.441,1.986316,1.986316,-29.367868,550.969095
65536,local_nvme,get_p99_us,15529.347,15170.897,-2.30821,-2.30821,-7.940074,4.259829
65536,local_nvme,operation_rate,1608.556949,1577.359553,-1.939465,1.649005,-8.269393,9.383486
65536,local_nvme,overall_p50_us,445.91,427.73,-4.077056,-3.182508,-17.862361,8.647485
65536,local_nvme,overall_p95_us,986.32,1026.28,4.051423,2.367487,0.455794,5.566985
65536,local_nvme,overall_p99_us,12640.196,9780.514,-22.623716,-22.623716,-26.183586,-14.06417
65536,local_nvme,put_p50_us,746.32,778.551,4.318657,4.318657,-2.855814,13.335579
65536,local_nvme,put_p95_us,1094.051,1087.351,-0.612403,0.85668,-3.991838,22.424914
65536,local_nvme,put_p99_us,1377.54,1441.661,4.654747,2.339092,-2.388135,4.654747
65536,local_nvme,remove_p50_us,56.79,56.68,-0.193696,-0.121588,-7.048312,6.585666
65536,local_nvme,remove_p95_us,70.22,65.67,-6.479635,-8.201523,-13.341251,-5.696383
65536,local_nvme,remove_p99_us,86.44,82.6,-4.442388,-4.305955,-6.987506,-0.70922
65536,local_nvme,request_p50_us,2783.432,2930.811,5.294866,6.48043,-4.998439,14.154828
65536,local_nvme,request_p95_us,4283.481,4617.053,7.787405,3.64832,1.971845,7.787405
65536,local_nvme,storage_wait_us,92007.933,93827.688,1.977824,-1.622254,-8.578522,9.014868
65536,remote_nof,get_p50_us,137.15,137.07,-0.05833,0.454379,-1.141454,1.283266
65536,remote_nof,get_p95_us,151.9,150.63,-0.836076,0.757077,-6.805982,4.336081
65536,remote_nof,get_p99_us,161.86,161.38,-0.296553,-0.296553,-9.356659,0.507904
65536,remote_nof,operation_rate,2913.098187,2830.516494,-2.834841,-4.307711,-10.284027,7.946321
65536,remote_nof,overall_p50_us,137.15,137.07,-0.05833,0.454379,-1.141454,1.283266
65536,remote_nof,overall_p95_us,219.41,267.841,22.073287,24.115127,17.222051,25.528893
65536,remote_nof,overall_p99_us,266.76,373.52,40.020993,35.698755,34.38191,41.260116
65536,remote_nof,put_p50_us,208.36,247.01,18.549626,19.776968,16.27283,20.339797
65536,remote_nof,put_p95_us,246.38,313.58,27.274941,27.274941,6.375014,37.84563
65536,remote_nof,put_p99_us,30482.065,30251.135,-0.757593,-0.521301,-17.54649,13.762818
65536,remote_nof,remove_p50_us,58.43,58.311,-0.203663,-0.203663,-1.177675,0.257422
65536,remote_nof,remove_p95_us,65.58,67.48,2.897225,1.71842,-0.243977,5.997836
65536,remote_nof,remove_p99_us,82.4,85.14,3.325243,5.383025,-6.604945,14.587379
65536,remote_nof,request_p50_us,814.6,951.491,16.804689,17.096208,14.545211,19.871225
65536,remote_nof,request_p95_us,860.731,1044.421,21.341162,21.553135,13.987833,31.210564
65536,remote_nof,storage_wait_us,50805.016,52287.277,2.917549,4.501628,-7.361364,11.462872
131072,local_nvme,get_p50_us,519.17,519.88,0.136757,0.104012,-12.235803,1.441774
131072,local_nvme,get_p95_us,962.471,985.26,2.36776,-9.803248,-18.752835,5.074335
131072,local_nvme,get_p99_us,21695.44,15561.287,-28.273928,-3.842011,-28.273928,-1.079278
131072,local_nvme,operation_rate,1521.058026,1501.089923,-1.312777,0.124853,-2.451857,5.094786
131072,local_nvme,overall_p50_us,519.17,519.88,0.136757,0.104012,-12.235803,1.441774
131072,local_nvme,overall_p95_us,1078.271,1110.79,3.015847,4.535038,-6.880962,7.132744
131072,local_nvme,overall_p99_us,3666.762,6710.663,83.013323,47.468756,-2.491836,83.013323
131072,local_nvme,put_p50_us,855.55,859.05,0.409094,-0.001169,-4.831382,10.952245
131072,local_nvme,put_p95_us,1166.53,1247.67,6.955672,11.636306,2.351088,16.069518
131072,local_nvme,put_p99_us,1582.601,1710.811,8.101221,6.939254,2.912053,47.468756
131072,local_nvme,remove_p50_us,56.6,57.39,1.39576,1.042403,-6.087383,2.419068
131072,local_nvme,remove_p95_us,65.67,66.571,1.372012,4.231765,-3.267945,5.421398
131072,local_nvme,remove_p99_us,92.2,81.83,-11.247289,-9.598698,-16.865423,-9.168609
131072,local_nvme,request_p50_us,3269.702,3292.712,0.703734,-1.817597,-5.299711,11.314222
131072,local_nvme,request_p95_us,4770.653,5177.481,8.527721,10.637926,4.649704,16.14519
131072,local_nvme,storage_wait_us,97300.693,98595.026,1.33024,-0.124697,-4.847801,2.513484
131072,remote_nof,get_p50_us,157.28,158.68,0.890132,0.890132,0.147199,1.594562
131072,remote_nof,get_p95_us,170.58,173.28,1.582835,-0.040381,-1.999062,8.26496
131072,remote_nof,get_p99_us,191.14,192.76,0.847546,0.790162,-0.049179,0.847546
131072,remote_nof,operation_rate,2569.445872,2536.880674,-1.267402,1.742197,-14.089499,2.065623
131072,remote_nof,overall_p50_us,157.28,158.68,0.890132,0.890132,0.147199,1.594562
131072,remote_nof,overall_p95_us,244.001,292.46,19.860165,19.860165,17.130788,20.701032
131072,remote_nof,overall_p99_us,318.92,378.37,18.641039,19.741628,15.561053,20.336963
131072,remote_nof,put_p50_us,232.83,272.97,17.240046,17.240046,15.736564,17.818642
131072,remote_nof,put_p95_us,276.82,306.55,10.739831,12.41703,6.892566,19.825004
131072,remote_nof,put_p99_us,35377.416,33792.706,-4.47944,-8.7503,-9.344717,22.0781
131072,remote_nof,remove_p50_us,59.41,59.42,0.016832,0.016832,-1.038526,0.625317
131072,remote_nof,remove_p95_us,65.82,67.97,3.266484,0.517598,0.25828,5.848043
131072,remote_nof,remove_p99_us,85.64,85.271,-0.430873,-0.963212,-2.195236,1.199858
131072,remote_nof,request_p50_us,915.242,1052.799,15.029577,15.267984,14.895387,15.35349
131072,remote_nof,request_p95_us,959.3,1120.09,16.76118,17.475117,15.380069,23.145488
131072,remote_nof,storage_wait_us,57599.968,58339.362,1.283671,-1.712364,-2.023818,16.400206
262144,local_nvme,get_p50_us,687.24,689.04,0.261917,-0.716126,-0.810798,0.261917
262144,local_nvme,get_p95_us,1060.171,1040.57,-1.848853,-8.294055,-33.33786,43.46563
262144,local_nvme,get_p99_us,15778.008,15684.637,-0.591779,-3.417358,-43.555291,2.249335
262144,local_nvme,operation_rate,1231.385005,1205.160056,-2.129712,-4.077557,-6.027954,4.600323
262144,local_nvme,overall_p50_us,687.24,689.04,0.261917,-0.716126,-0.810798,0.261917
262144,local_nvme,overall_p95_us,1291.55,1355.6,4.959158,0.54361,-3.323805,5.404672
262144,local_nvme,overall_p99_us,6863.343,12716.526,85.281808,88.850623,-49.979054,553.829159
262144,local_nvme,put_p50_us,1065.67,1092.96,2.56083,2.015177,1.705031,11.281395
262144,local_nvme,put_p95_us,1459.501,1571.511,7.674541,8.818078,-4.524149,9.622125
262144,local_nvme,put_p99_us,2099.781,2139.011,1.86829,1.86829,0.215899,5.334894
262144,local_nvme,remove_p50_us,57.541,57.79,0.432735,0.432735,0.12193,2.18902
262144,local_nvme,remove_p95_us,66.36,66.94,0.87402,0.87402,-2.411765,9.674389
262144,local_nvme,remove_p99_us,81.69,86.23,5.557596,1.273106,-57.282275,11.12767
262144,local_nvme,request_p50_us,4117.992,4201.212,2.020888,1.782891,-0.309593,12.608592
262144,local_nvme,request_p95_us,6030.204,6012.923,-0.286574,1.746908,-0.286574,7.478711
262144,local_nvme,storage_wait_us,120189.867,122805.265,2.176055,4.25089,-4.398001,6.414625
262144,remote_nof,get_p50_us,192.48,196.82,2.25478,1.811309,1.746747,2.25478
262144,remote_nof,get_p95_us,207.19,217.43,4.942323,2.203445,1.505382,7.341035
262144,remote_nof,get_p99_us,219.98,238.18,8.273479,1.627421,-2.160697,19.032539
262144,remote_nof,operation_rate,2375.677811,2464.290885,3.730012,4.225875,-3.697748,6.051993
262144,remote_nof,overall_p50_us,192.48,196.82,2.25478,1.811309,1.746747,2.25478
262144,remote_nof,overall_p95_us,278.83,319.15,14.460424,14.075848,13.714808,16.941713
262144,remote_nof,overall_p99_us,344.85,399.68,15.899667,17.509352,6.762908,21.498054
262144,remote_nof,put_p50_us,261.84,298.48,13.993278,13.993278,12.743013,14.652533
262144,remote_nof,put_p95_us,293.971,341.77,16.259767,16.082467,14.34065,31.261247
262144,remote_nof,put_p99_us,36901.767,32735.806,-11.289327,-12.076447,-15.35152,0.885341
262144,remote_nof,remove_p50_us,60.35,59.81,-0.89478,-0.89478,-1.257653,1.731966
262144,remote_nof,remove_p95_us,68.38,69.17,1.155309,1.155309,-4.350356,9.777981
262144,remote_nof,remove_p99_us,86.5,87.5,1.156069,1.156069,-5.810796,10.229172
262144,remote_nof,request_p50_us,1031.681,1158.35,12.277923,12.277923,10.075407,13.737964
262144,remote_nof,request_p95_us,1074.971,1274.91,18.599478,18.006479,17.874776,18.946558
262144,remote_nof,storage_wait_us,62298.01,60057.845,-3.595885,-4.054535,-5.706629,3.839732
