reuse_ratio,trial,trace_sha256,case_id,mode,target,operations,produce,reuse,evict,local,remote,miss,miss_rate,block_hit_rate,request_count,request_hit_rate,p50_latency_us,p95_latency_us,p99_latency_us,request_p50_latency_us,request_p95_latency_us,storage_wait_us,operation_rate,cpu_utilization_pct
0.0,1,91d08ec6b8250ce55f9e44d1b6bace934780f760dd2b34e7c562526606e24f66,direct-local,direct,local_nvme,192,96,0,96,192,0,0,0.0,0.0,24,0.0,86.79,861.29,1022.48,3258.121,3485.552,85081.849,2256.650534,
0.0,1,91d08ec6b8250ce55f9e44d1b6bace934780f760dd2b34e7c562526606e24f66,direct-remote,direct,remote_nof,192,96,0,96,0,192,0,0.0,0.0,24,0.0,89.109,248.311,328.63,936.521,969.511,75535.852,2541.839337,
0.0,1,91d08ec6b8250ce55f9e44d1b6bace934780f760dd2b34e7c562526606e24f66,no_store,no_store,,192,96,0,96,0,0,0,0.0,0.0,24,0.0,0.0,1000.0,1000.0,4000.0,4000.0,0,2000.0,
0.0,1,91d08ec6b8250ce55f9e44d1b6bace934780f760dd2b34e7c562526606e24f66,transparent-local,transparent,local_nvme,192,96,0,96,192,0,0,0.0,0.0,24,0.0,79.64,1097.111,1320.511,3429.502,4382.431,93906.152,2044.59448,
0.0,1,91d08ec6b8250ce55f9e44d1b6bace934780f760dd2b34e7c562526606e24f66,transparent-remote,transparent,remote_nof,192,96,0,96,0,192,0,0.0,0.0,24,0.0,86.67,293.49,371.94,1078.441,1150.591,62156.421,3088.980944,
0.0,2,91d08ec6b8250ce55f9e44d1b6bace934780f760dd2b34e7c562526606e24f66,direct-local,direct,local_nvme,192,96,0,96,192,0,0,0.0,0.0,24,0.0,124.81,1045.49,1256.841,3262.61,4082.372,90721.889,2116.358049,
0.0,2,91d08ec6b8250ce55f9e44d1b6bace934780f760dd2b34e7c562526606e24f66,direct-remote,direct,remote_nof,192,96,0,96,0,192,0,0.0,0.0,24,0.0,95.92,243.33,317.35,922.21,953.92,66372.615,2892.75931,
0.0,2,91d08ec6b8250ce55f9e44d1b6bace934780f760dd2b34e7c562526606e24f66,no_store,no_store,,192,96,0,96,0,0,0,0.0,0.0,24,0.0,0.0,1000.0,1000.0,4000.0,4000.0,0,2000.0,
0.0,2,91d08ec6b8250ce55f9e44d1b6bace934780f760dd2b34e7c562526606e24f66,transparent-local,transparent,local_nvme,192,96,0,96,192,0,0,0.0,0.0,24,0.0,104.42,1006.27,1185.341,3400.321,4272.663,91203.635,2105.179251,
0.0,2,91d08ec6b8250ce55f9e44d1b6bace934780f760dd2b34e7c562526606e24f66,transparent-remote,transparent,remote_nof,192,96,0,96,0,192,0,0.0,0.0,24,0.0,85.79,292.96,392.96,1096.17,1149.821,65207.641,2944.440208,
0.0,3,91d08ec6b8250ce55f9e44d1b6bace934780f760dd2b34e7c562526606e24f66,direct-local,direct,local_nvme,192,96,0,96,192,0,0,0.0,0.0,24,0.0,88.62,1021.781,1233.28,3247.27,4161.902,88097.166,2179.411765,
0.0,3,91d08ec6b8250ce55f9e44d1b6bace934780f760dd2b34e7c562526606e24f66,direct-remote,direct,remote_nof,192,96,0,96,0,192,0,0.0,0.0,24,0.0,87.709,240.39,330.63,915.62,954.87,59144.583,3246.282081,
0.0,3,91d08ec6b8250ce55f9e44d1b6bace934780f760dd2b34e7c562526606e24f66,no_store,no_store,,192,96,0,96,0,0,0,0.0,0.0,24,0.0,0.0,1000.0,1000.0,4000.0,4000.0,0,2000.0,
0.0,3,91d08ec6b8250ce55f9e44d1b6bace934780f760dd2b34e7c562526606e24f66,transparent-local,transparent,local_nvme,192,96,0,96,192,0,0,0.0,0.0,24,0.0,123.06,1054.46,1179.72,3432.272,4206.933,93457.207,2054.416199,
0.0,3,91d08ec6b8250ce55f9e44d1b6bace934780f760dd2b34e7c562526606e24f66,transparent-remote,transparent,remote_nof,192,96,0,96,0,192,0,0.0,0.0,24,0.0,184.82,277.04,450.21,1055.762,1124.021,67442.054,2846.888382,
0.5,1,3a49f1f79b9fdd5df28ad41190dfb5839524ef397052bae178b7f4e9b9d47051,direct-local,direct,local_nvme,148,52,44,52,148,0,0,0.0,0.458333,24,0.458333,537.821,1149.671,6326.283,3034.972,5360.433,98006.473,1510.104338,
0.5,1,3a49f1f79b9fdd5df28ad41190dfb5839524ef397052bae178b7f4e9b9d47051,direct-remote,direct,remote_nof,148,52,44,52,0,148,0,0.0,0.458333,24,0.458333,158.15,253.15,311.74,914.209,1022.442,55619.132,2660.954867,
0.5,1,3a49f1f79b9fdd5df28ad41190dfb5839524ef397052bae178b7f4e9b9d47051,no_store,no_store,,148,52,44,52,0,0,0,0.0,0.458333,24,0.458333,1000.0,1000.0,1000.0,4000.0,4000.0,0,1541.666667,
0.5,1,3a49f1f79b9fdd5df28ad41190dfb5839524ef397052bae178b7f4e9b9d47051,transparent-local,transparent,local_nvme,148,52,44,52,148,0,0,0.0,0.458333,24,0.458333,555.451,1094.571,1575.071,3389.332,5128.122,106196.165,1393.647313,
0.5,1,3a49f1f79b9fdd5df28ad41190dfb5839524ef397052bae178b7f4e9b9d47051,transparent-remote,transparent,remote_nof,148,52,44,52,0,148,0,0.0,0.458333,24,0.458333,158.59,295.3,368.25,1067.22,1128.952,58623.922,2524.566678,
0.5,2,3a49f1f79b9fdd5df28ad41190dfb5839524ef397052bae178b7f4e9b9d47051,direct-local,direct,local_nvme,148,52,44,52,148,0,0,0.0,0.458333,24,0.458333,547.9,1124.021,9807.345,3224.493,4632.933,96065.626,1540.613497,
0.5,2,3a49f1f79b9fdd5df28ad41190dfb5839524ef397052bae178b7f4e9b9d47051,direct-remote,direct,remote_nof,148,52,44,52,0,148,0,0.0,0.458333,24,0.458333,159.94,239.731,312.171,901.911,937.9,53878.752,2746.908466,
0.5,2,3a49f1f79b9fdd5df28ad41190dfb5839524ef397052bae178b7f4e9b9d47051,no_store,no_store,,148,52,44,52,0,0,0,0.0,0.458333,24,0.458333,1000.0,1000.0,1000.0,4000.0,4000.0,0,1541.666667,
0.5,2,3a49f1f79b9fdd5df28ad41190dfb5839524ef397052bae178b7f4e9b9d47051,transparent-local,transparent,local_nvme,148,52,44,52,148,0,0,0.0,0.458333,24,0.458333,543.971,989.631,9061.584,3359.491,4690.443,94752.89,1561.957635,
0.5,2,3a49f1f79b9fdd5df28ad41190dfb5839524ef397052bae178b7f4e9b9d47051,transparent-remote,transparent,remote_nof,148,52,44,52,0,148,0,0.0,0.458333,24,0.458333,160.18,289.04,347.75,1053.7,1106.641,61136.019,2420.831491,
0.5,3,3a49f1f79b9fdd5df28ad41190dfb5839524ef397052bae178b7f4e9b9d47051,direct-local,direct,local_nvme,148,52,44,52,148,0,0,0.0,0.458333,24,0.458333,557.771,1098.671,2127.901,3189.152,4720.592,100974.977,1465.709668,
0.5,3,3a49f1f79b9fdd5df28ad41190dfb5839524ef397052bae178b7f4e9b9d47051,direct-remote,direct,remote_nof,148,52,44,52,0,148,0,0.0,0.458333,24,0.458333,159.12,260.55,300.72,920.37,1008.571,52052.407,2843.288304,
0.5,3,3a49f1f79b9fdd5df28ad41190dfb5839524ef397052bae178b7f4e9b9d47051,no_store,no_store,,148,52,44,52,0,0,0,0.0,0.458333,24,0.458333,1000.0,1000.0,1000.0,4000.0,4000.0,0,1541.666667,
0.5,3,3a49f1f79b9fdd5df28ad41190dfb5839524ef397052bae178b7f4e9b9d47051,transparent-local,transparent,local_nvme,148,52,44,52,148,0,0,0.0,0.458333,24,0.458333,547.04,1106.271,2005.921,3305.361,4681.093,99395.38,1489.002809,
0.5,3,3a49f1f79b9fdd5df28ad41190dfb5839524ef397052bae178b7f4e9b9d47051,transparent-remote,transparent,remote_nof,148,52,44,52,0,148,0,0.0,0.458333,24,0.458333,160.009,289.11,388.23,1041.56,1182.721,55748.586,2654.775854,
0.9,1,5744e30a133292e000147ebfcce85c42e9eca53ca9af6abf3e6cf87a5869ba07,direct-local,direct,local_nvme,104,8,88,8,104,0,0,0.0,0.916667,24,0.916667,542.8,1117.42,5489.993,2188.311,4730.482,83376.579,1247.352689,
0.9,1,5744e30a133292e000147ebfcce85c42e9eca53ca9af6abf3e6cf87a5869ba07,direct-remote,direct,remote_nof,104,8,88,8,0,104,0,0.0,0.916667,24,0.916667,157.85,240.36,316.46,638.61,955.602,50054.209,2077.747348,
0.9,1,5744e30a133292e000147ebfcce85c42e9eca53ca9af6abf3e6cf87a5869ba07,no_store,no_store,,104,8,88,8,0,0,0,0.0,0.916667,24,0.916667,1000.0,1000.0,1000.0,4000.0,4000.0,0,1083.333333,
0.9,1,5744e30a133292e000147ebfcce85c42e9eca53ca9af6abf3e6cf87a5869ba07,transparent-local,transparent,local_nvme,104,8,88,8,104,0,0,0.0,0.916667,24,0.916667,537.04,1080.341,12099.595,2153.39,4585.342,83144.955,1250.827546,
0.9,1,5744e30a133292e000147ebfcce85c42e9eca53ca9af6abf3e6cf87a5869ba07,transparent-remote,transparent,remote_nof,104,8,88,8,0,104,0,0.0,0.916667,24,0.916667,157.1,268.78,346.35,638.7,1084.85,51107.016,2034.945652,
0.9,2,5744e30a133292e000147ebfcce85c42e9eca53ca9af6abf3e6cf87a5869ba07,direct-local,direct,local_nvme,104,8,88,8,104,0,0,0.0,0.916667,24,0.916667,537.63,982.201,12086.756,2160.171,4504.882,82215.458,1264.968931,
0.9,2,5744e30a133292e000147ebfcce85c42e9eca53ca9af6abf3e6cf87a5869ba07,direct-remote,direct,remote_nof,104,8,88,8,0,104,0,0.0,0.916667,24,0.916667,159.36,246.28,311.68,650.57,967.581,53868.562,1930.625139,
0.9,2,5744e30a133292e000147ebfcce85c42e9eca53ca9af6abf3e6cf87a5869ba07,no_store,no_store,,104,8,88,8,0,0,0,0.0,0.916667,24,0.916667,1000.0,1000.0,1000.0,4000.0,4000.0,0,1083.333333,
0.9,2,5744e30a133292e000147ebfcce85c42e9eca53ca9af6abf3e6cf87a5869ba07,transparent-local,transparent,local_nvme,104,8,88,8,104,0,0,0.0,0.916667,24,0.916667,535.65,1082.01,12201.236,2165.041,4919.313,83448.201,1246.28211,
0.9,2,5744e30a133292e000147ebfcce85c42e9eca53ca9af6abf3e6cf87a5869ba07,transparent-remote,transparent,remote_nof,104,8,88,8,0,104,0,0.0,0.916667,24,0.916667,156.36,281.19,380.14,631.9,1104.141,51120.296,2034.417015,
0.9,3,5744e30a133292e000147ebfcce85c42e9eca53ca9af6abf3e6cf87a5869ba07,direct-local,direct,local_nvme,104,8,88,8,104,0,0,0.0,0.916667,24,0.916667,684.85,1223.251,4396.772,3197.422,5182.872,102071.759,1018.891033,
0.9,3,5744e30a133292e000147ebfcce85c42e9eca53ca9af6abf3e6cf87a5869ba07,direct-remote,direct,remote_nof,104,8,88,8,0,104,0,0.0,0.916667,24,0.916667,160.44,240.2,320.46,646.372,951.18,49517.082,2100.285312,
0.9,3,5744e30a133292e000147ebfcce85c42e9eca53ca9af6abf3e6cf87a5869ba07,no_store,no_store,,104,8,88,8,0,0,0,0.0,0.916667,24,0.916667,1000.0,1000.0,1000.0,4000.0,4000.0,0,1083.333333,
0.9,3,5744e30a133292e000147ebfcce85c42e9eca53ca9af6abf3e6cf87a5869ba07,transparent-local,transparent,local_nvme,104,8,88,8,104,0,0,0.0,0.916667,24,0.916667,540.81,1140.511,10738.445,2163.701,4829.622,81182.491,1281.064411,
0.9,3,5744e30a133292e000147ebfcce85c42e9eca53ca9af6abf3e6cf87a5869ba07,transparent-remote,transparent,remote_nof,104,8,88,8,0,104,0,0.0,0.916667,24,0.916667,161.44,272.6,388.29,649.42,1083.691,55712.258,1866.734606,
