reuse_ratio,trial,target,mode,case_id,operation,count,mean_us,p50_us,p95_us,p99_us
0.0,1,local_nvme,direct,direct-local,put,96,827.646865,812.57,882.431,1473.181
0.0,1,local_nvme,direct,direct-local,remove,96,58.622396,57.3,66.68,86.79
0.0,1,remote_nof,direct,direct-remote,put,96,726.954906,233.0,253.771,47369.203
0.0,1,remote_nof,direct,direct-remote,remove,96,59.876885,58.87,66.301,89.109
0.0,1,,no_store,no_store,noop,96,0.0,0.0,0.0,0.0
0.0,1,,no_store,no_store,recompute,96,1000.0,1000.0,1000.0,1000.0
0.0,1,local_nvme,transparent,transparent-local,put,96,920.616396,862.211,1120.97,1847.071
0.0,1,local_nvme,transparent,transparent-local,remove,96,57.572688,56.7,63.67,79.64
0.0,1,remote_nof,transparent,transparent-remote,put,96,587.997771,268.55,307.76,30559.534
0.0,1,remote_nof,transparent,transparent-remote,remove,96,59.464948,58.49,66.79,86.67
0.0,2,local_nvme,direct,direct-local,put,96,885.890896,819.01,1126.741,2062.531
0.0,2,local_nvme,direct,direct-local,remove,96,59.128781,57.22,67.72,124.81
0.0,2,remote_nof,direct,direct-remote,put,96,632.013156,230.51,248.291,38600.249
0.0,2,remote_nof,direct,direct-remote,remove,96,59.36825,58.39,64.07,95.92
0.0,2,,no_store,no_store,noop,96,0.0,0.0,0.0,0.0
0.0,2,,no_store,no_store,recompute,96,1000.0,1000.0,1000.0,1000.0
0.0,2,local_nvme,transparent,transparent-local,put,96,890.682302,852.57,1082.93,1698.78
0.0,2,local_nvme,transparent,transparent-local,remove,96,59.355562,57.421,69.28,104.42
0.0,2,remote_nof,transparent,transparent-remote,put,96,619.312896,273.54,302.0,33236.966
0.0,2,remote_nof,transparent,transparent-remote,remove,96,59.933365,58.96,66.26,85.79
0.0,3,local_nvme,direct,direct-local,put,96,859.577292,810.081,1087.171,1558.241
0.0,3,local_nvme,direct,direct-local,remove,96,58.101521,56.87,65.92,88.62
0.0,3,remote_nof,direct,direct-remote,put,96,556.064313,228.32,252.52,31450.255
0.0,3,remote_nof,direct,direct-remote,remove,96,60.025094,58.96,67.32,87.709
0.0,3,,no_store,no_store,noop,96,0.0,0.0,0.0,0.0
0.0,3,,no_store,no_store,recompute,96,1000.0,1000.0,1000.0,1000.0
0.0,3,local_nvme,transparent,transparent-local,put,96,914.736302,861.66,1123.551,1916.951
0.0,3,local_nvme,transparent,transparent-local,remove,96,58.776271,57.18,65.04,123.06
0.0,3,remote_nof,transparent,transparent-remote,put,96,638.577125,262.38,284.38,36047.207
0.0,3,remote_nof,transparent,transparent-remote,remove,96,63.944271,59.22,84.78,184.82
0.5,1,local_nvme,direct,direct-local,get,44,1117.562182,537.821,960.231,17133.409
0.5,1,local_nvme,direct,direct-local,put,52,900.657192,820.04,1410.76,1888.881
0.5,1,local_nvme,direct,direct-local,remove,52,38.453135,37.13,47.94,60.18
0.5,1,remote_nof,direct,direct-remote,get,44,160.27975,158.15,171.251,187.831
0.5,1,remote_nof,direct,direct-remote,put,52,874.060788,234.09,297.2,33259.906
0.5,1,remote_nof,direct,direct-remote,remove,52,59.916577,58.87,66.81,84.12
0.5,1,,no_store,no_store,noop,52,0.0,0.0,0.0,0.0
0.5,1,,no_store,no_store,recompute,96,1000.0,1000.0,1000.0,1000.0
0.5,1,local_nvme,transparent,transparent-local,get,44,1228.453727,555.451,819.38,28605.583
0.5,1,local_nvme,transparent,transparent-local,put,52,936.244827,883.701,1177.191,1575.071
0.5,1,local_nvme,transparent,transparent-local,remove,52,66.528269,56.92,82.309,423.01
0.5,1,remote_nof,transparent,transparent-remote,get,44,160.280045,158.59,170.08,182.69
0.5,1,remote_nof,transparent,transparent-remote,put,52,931.029673,273.4,318.27,34273.947
0.5,1,remote_nof,transparent,transparent-remote,remove,52,60.731865,59.589,66.28,82.87
0.5,2,local_nvme,direct,direct-local,get,44,1063.195318,547.9,1021.59,12715.306
0.5,2,local_nvme,direct,direct-local,put,52,889.645846,822.981,1188.39,1579.011
0.5,2,local_nvme,direct,direct-local,remove,52,58.143231,56.86,64.05,84.49
0.5,2,remote_nof,direct,direct-remote,get,44,162.612205,159.94,172.84,203.1
0.5,2,remote_nof,direct,direct-remote,put,52,838.412154,228.29,259.85,31772.725
0.5,2,remote_nof,direct,direct-remote,remove,52,60.12275,58.97,65.84,87.22
0.5,2,,no_store,no_store,noop,52,0.0,0.0,0.0,0.0
0.5,2,,no_store,no_store,recompute,96,1000.0,1000.0,1000.0,1000.0
0.5,2,local_nvme,transparent,transparent-local,get,44,1014.855295,543.971,776.49,12222.026
0.5,2,local_nvme,transparent,transparent-local,put,52,905.612154,863.02,1167.031,1539.261
0.5,2,local_nvme,transparent,transparent-local,remove,52,57.835096,56.4,65.651,80.931
0.5,2,remote_nof,transparent,transparent-remote,get,44,162.363068,160.18,175.17,183.72
0.5,2,remote_nof,transparent,transparent-remote,put,52,978.054846,269.21,297.97,36971.827
0.5,2,remote_nof,transparent,transparent-remote,remove,52,60.253692,58.76,68.31,87.12
0.5,3,local_nvme,direct,direct-local,get,44,1142.632341,557.771,924.431,22413.041
0.5,3,local_nvme,direct,direct-local,put,52,916.723385,863.71,1350.74,1653.211
0.5,3,local_nvme,direct,direct-local,remove,52,58.260346,56.74,66.48,79.17
0.5,3,remote_nof,direct,direct-remote,get,44,160.761205,159.12,171.2,183.29
0.5,3,remote_nof,direct,direct-remote,put,52,805.346923,236.67,279.04,29637.814
0.5,3,remote_nof,direct,direct-remote,remove,52,59.632192,58.38,66.78,84.19
0.5,3,,no_store,no_store,noop,52,0.0,0.0,0.0,0.0
0.5,3,,no_store,no_store,recompute,96,1000.0,1000.0,1000.0,1000.0
0.5,3,local_nvme,transparent,transparent-local,get,44,1096.236864,547.04,752.19,22224.471
0.5,3,local_nvme,transparent,transparent-local,put,52,925.532904,865.801,1189.76,1479.251
0.5,3,local_nvme,transparent,transparent-local,remove,52,58.331673,57.36,64.129,82.52
0.5,3,remote_nof,transparent,transparent-remote,get,44,162.559545,160.009,180.59,191.14
0.5,3,remote_nof,transparent,transparent-remote,put,52,874.367135,270.32,331.26,31473.065
0.5,3,remote_nof,transparent,transparent-remote,remove,52,60.170673,59.0,67.59,83.951
0.9,1,local_nvme,direct,direct-local,get,88,844.056875,542.8,781.47,15986.738
0.9,1,local_nvme,direct,direct-local,put,8,1075.1955,958.241,1585.67,1585.67
0.9,1,local_nvme,direct,direct-local,remove,8,62.25125,57.61,85.66,85.66
0.9,1,remote_nof,direct,direct-remote,get,88,160.029114,157.85,172.38,201.82
0.9,1,remote_nof,direct,direct-remote,put,8,4430.2935,247.26,33642.566,33642.566
0.9,1,remote_nof,direct,direct-remote,remove,8,66.162375,61.429,91.56,91.56
0.9,1,,no_store,no_store,noop,8,0.0,0.0,0.0,0.0
0.9,1,,no_store,no_store,recompute,96,1000.0,1000.0,1000.0,1000.0
0.9,1,local_nvme,transparent,transparent-local,get,88,839.484659,537.04,623.2,15058.157
0.9,1,local_nvme,transparent,transparent-local,put,8,1097.6255,1009.351,1505.991,1505.991
0.9,1,local_nvme,transparent,transparent-local,remove,8,61.162625,57.161,84.99,84.99
0.9,1,remote_nof,transparent,transparent-remote,get,88,160.020557,157.1,176.02,200.41
0.9,1,remote_nof,transparent,transparent-remote,put,8,4563.545875,283.641,34502.756,34502.756
0.9,1,remote_nof,transparent,transparent-remote,remove,8,64.605,60.15,85.78,85.78
0.9,2,local_nvme,direct,direct-local,get,88,833.655045,537.63,592.82,14538.527
0.9,2,local_nvme,direct,direct-local,put,8,1042.63675,956.97,1641.721,1641.721
0.9,2,local_nvme,direct,direct-local,remove,8,64.09,57.47,90.23,90.23
0.9,2,remote_nof,direct,direct-remote,get,88,161.885943,159.36,177.03,186.44
0.9,2,remote_nof,direct,direct-remote,put,8,4887.763625,249.45,37313.578,37313.578
0.9,2,remote_nof,direct,direct-remote,remove,8,65.06125,59.7,88.99,88.99
0.9,2,,no_store,no_store,noop,8,0.0,0.0,0.0,0.0
0.9,2,,no_store,no_store,recompute,96,1000.0,1000.0,1000.0,1000.0
0.9,2,local_nvme,transparent,transparent-local,get,88,839.058466,535.65,668.77,14765.607
0.9,2,local_nvme,transparent,transparent-local,put,8,1135.82825,1002.381,1634.521,1634.521
0.9,2,local_nvme,transparent,transparent-local,remove,8,65.55375,61.42,85.44,85.44
0.9,2,remote_nof,transparent,transparent-remote,get,88,158.435205,156.36,166.47,188.101
0.9,2,remote_nof,transparent,transparent-remote,put,8,4582.9035,294.11,34586.527,34586.527
0.9,2,remote_nof,transparent,transparent-remote,remove,8,64.34625,60.48,85.68,85.68
0.9,3,local_nvme,direct,direct-local,get,88,1046.115511,684.85,1048.72,22567.361
0.9,3,local_nvme,direct,direct-local,put,8,1184.663,1026.93,2020.281,2020.281
0.9,3,local_nvme,direct,direct-local,remove,8,67.03625,61.81,91.87,91.87
0.9,3,remote_nof,direct,direct-remote,get,88,162.169466,160.44,174.981,186.821
0.9,3,remote_nof,direct,direct-remote,put,8,4340.873375,247.37,32930.396,32930.396
0.9,3,remote_nof,direct,direct-remote,remove,8,64.89775,60.76,86.36,86.36
0.9,3,,no_store,no_store,noop,8,0.0,0.0,0.0,0.0
0.9,3,,no_store,no_store,recompute,96,1000.0,1000.0,1000.0,1000.0
0.9,3,local_nvme,transparent,transparent-local,get,88,814.692568,540.81,730.811,13520.317
0.9,3,local_nvme,transparent,transparent-local,put,8,1122.609125,992.39,1582.22,1582.22
0.9,3,local_nvme,transparent,transparent-local,remove,8,63.584,59.111,87.44,87.44
0.9,3,remote_nof,transparent,transparent-remote,get,88,162.702716,161.44,175.12,188.08
0.9,3,remote_nof,transparent,transparent-remote,put,8,5110.085,277.47,38839.979,38839.979
0.9,3,remote_nof,transparent,transparent-remote,remove,8,64.217375,60.77,86.289,86.289
